<?xml version="1.0" encoding="UTF-8"?>
<addon id="plugin.video.canalsport" version="1.0.0" provider-name="Canalsport">
    <requires>
        <import addon="xbmc.python" version="3.0.0"/>
        <import addon="script.module.requests" version="2.27.0"/>
        <import addon="inputstream.adaptive" version="2.6.0"/>
    </requires>
    <extension point="xbmc.python.plugin" library="addon.py" watchdog="true"/>
    <extension point="xbmc.addon.metadata">
        <platform>all</platform>
        <summary lang="fr">Canalsport Addon</summary>
        <description lang="fr">Accès aux chaînes Canalsport</description>
    </extension>
</addon>